raw_major_name,normalized,canonical_draft,fuzzy_cluster,n_rows,schools,review
An ninh mạng,an ninh mạng,an-toan-thong-tin,An ninh mạng,4,TLU,
An toàn không gian số* (Chương trình tiên tiến),an toàn không gian số,an-toan-thong-tin,An toàn không gian số* (Chương trình tiên tiến),1,HUST,
An toàn không gian số - Cyber Security (CT Tiên tiến),an toàn không gian số cyber security,an-toan-thong-tin,An toàn không gian số - Cyber security (CT tiên tiến),2,HUST,
An toàn không gian số - Cyber security (CT tiên tiến),an toàn không gian số cyber security,an-toan-thong-tin,An toàn không gian số - Cyber security (CT tiên tiến),2,HUST,
An toàn thông tin,an toàn thông tin,an-toan-thong-tin,An toàn thông tin - Chất lượng cao,9,HaUI;PTIT,
An toàn thông tin - Chất lượng cao,an toàn thông tin,an-toan-thong-tin,An toàn thông tin - Chất lượng cao,1,PTIT,
Công nghệ kỹ thuật máy tính,công nghệ kỹ thuật máy tính,cong-nghe-ky-thuat-may-tinh,Công nghệ kỹ thuật máy tính,7,HaUI,
Công nghệ thông tin,công nghệ thông tin,cong-nghe-thong-tin,Công nghệ thông tin - hợp tác với ĐH Victoria Wellington (NeW Zealand),45,EPU;HANU;HUMG;HaUI;PTIT;TLU;UET;UTC,
"Công nghệ thông tin (Gồm 4 chuyên ngành: Công nghệ phần mềm; Quản trị và an ninh mạng; Hệ thống thương mại điện tử, Trí tuệ nhân tạo và thị giác máy tính)",công nghệ thông tin,cong-nghe-thong-tin,Công nghệ thông tin - hợp tác với ĐH Victoria Wellington (NeW Zealand),2,EPU,
Công nghệ Thông tin (dạy bằng tiếng Anh),công nghệ thông tin,cong-nghe-thong-tin,Công nghệ thông tin - hợp tác với ĐH Victoria Wellington (NeW Zealand),1,HANU,
Công nghệ thông tin (dạy bằng tiếng Anh),công nghệ thông tin,cong-nghe-thong-tin,Công nghệ thông tin - hợp tác với ĐH Victoria Wellington (NeW Zealand),5,HANU,
Công nghệ thông tin (dạy bằng tiếng Anh) - CLC,công nghệ thông tin,cong-nghe-thong-tin,Công nghệ thông tin - hợp tác với ĐH Victoria Wellington (NeW Zealand),4,HANU,
Công nghệ thông tin (dạy bằng tiếng Anh) - CTTT,công nghệ thông tin,cong-nghe-thong-tin,Công nghệ thông tin - hợp tác với ĐH Victoria Wellington (NeW Zealand),1,HANU,
"Công nghệ thông tin (chất lượng
cao)",công nghệ thông tin,cong-nghe-thong-tin,Công nghệ thông tin - hợp tác với ĐH Victoria Wellington (NeW Zealand),1,HUMG,
Công nghệ thông tin CLC,công nghệ thông tin,cong-nghe-thong-tin,Công nghệ thông tin - hợp tác với ĐH Victoria Wellington (NeW Zealand),1,HUMG,
Công nghệ Thông tin (Global ICT),công nghệ thông tin,cong-nghe-thong-tin,Công nghệ thông tin - hợp tác với ĐH Victoria Wellington (NeW Zealand),1,HUST,
Công nghệ Thông tin (Việt – Nhật),công nghệ thông tin,cong-nghe-thong-tin,Công nghệ thông tin - hợp tác với ĐH Victoria Wellington (NeW Zealand),1,HUST,
Công nghệ Thông tin (Việt-Pháp),công nghệ thông tin,cong-nghe-thong-tin,Công nghệ thông tin - hợp tác với ĐH Victoria Wellington (NeW Zealand),1,HUST,
Công nghệ Thông tin Global ICT (CT tiên tiến),công nghệ thông tin,cong-nghe-thong-tin,Công nghệ thông tin - hợp tác với ĐH Victoria Wellington (NeW Zealand),1,HUST,
Công nghệ Thông tin Global ICT (Chương trình tiên tiến),công nghệ thông tin,cong-nghe-thong-tin,Công nghệ thông tin - hợp tác với ĐH Victoria Wellington (NeW Zealand),1,HUST,
Công nghệ Thông tin Việt – Nhật (tăng cường tiếng Nhật),công nghệ thông tin,cong-nghe-thong-tin,Công nghệ thông tin - hợp tác với ĐH Victoria Wellington (NeW Zealand),1,HUST,
Công nghệ Thông tin Việt-Nhật (Chương trình tiên tiến),công nghệ thông tin,cong-nghe-thong-tin,Công nghệ thông tin - hợp tác với ĐH Victoria Wellington (NeW Zealand),1,HUST,
Công nghệ Thông tin Việt-Pháp (Chương trình tiên tiến),công nghệ thông tin,cong-nghe-thong-tin,Công nghệ thông tin - hợp tác với ĐH Victoria Wellington (NeW Zealand),1,HUST,
Công nghệ Thông tin Việt-Pháp (tăng cường tiếng Pháp),công nghệ thông tin,cong-nghe-thong-tin,Công nghệ thông tin - hợp tác với ĐH Victoria Wellington (NeW Zealand),1,HUST,
Công nghệ thông tin (Global ICT),công nghệ thông tin,cong-nghe-thong-tin,Công nghệ thông tin - hợp tác với ĐH Victoria Wellington (NeW Zealand),4,HUST,
Công nghệ thông tin (Việt - Nhật),công nghệ thông tin,cong-nghe-thong-tin,Công nghệ thông tin - hợp tác với ĐH Victoria Wellington (NeW Zealand),5,HUST,
Công nghệ thông tin (Việt - Pháp),công nghệ thông tin,cong-nghe-thong-tin,Công nghệ thông tin - hợp tác với ĐH Victoria Wellington (NeW Zealand),4,HUST,
Công nghệ thông tin - hợp tác với ĐH La Trobe (Úc),công nghệ thông tin,cong-nghe-thong-tin,Công nghệ thông tin - hợp tác với ĐH Victoria Wellington (NeW Zealand),2,HUST,
Công nghệ thông tin - ĐH La Trobe (Úc),công nghệ thông tin,cong-nghe-thong-tin,Công nghệ thông tin - hợp tác với ĐH Victoria Wellington (NeW Zealand),1,HUST,
Công nghệ thông tin - ĐH Victoria (New Zealand),công nghệ thông tin,cong-nghe-thong-tin,Công nghệ thông tin - hợp tác với ĐH Victoria Wellington (NeW Zealand),1,HUST,
Công nghệ thông tin Global ICT,công nghệ thông tin,cong-nghe-thong-tin,Công nghệ thông tin - hợp tác với ĐH Victoria Wellington (NeW Zealand),1,HUST,
Công nghệ thông tin Việt-Nhật,công nghệ thông tin,cong-nghe-thong-tin,Công nghệ thông tin - hợp tác với ĐH Victoria Wellington (NeW Zealand),1,HUST,
Công nghệ thông tin (CLC),công nghệ thông tin,cong-nghe-thong-tin,Công nghệ thông tin - hợp tác với ĐH Victoria Wellington (NeW Zealand),3,PTIT;UET,
Công nghệ thông tin (Cử nhân định hướng ứng dụng),công nghệ thông tin,cong-nghe-thong-tin,Công nghệ thông tin - hợp tác với ĐH Victoria Wellington (NeW Zealand),2,PTIT,
Công nghệ thông tin (định hướng ứng dụng),công nghệ thông tin,cong-nghe-thong-tin,Công nghệ thông tin - hợp tác với ĐH Victoria Wellington (NeW Zealand),1,PTIT,
Công nghệ thông tin - Chương trình chất lượng cao,công nghệ thông tin,cong-nghe-thong-tin,Công nghệ thông tin - hợp tác với ĐH Victoria Wellington (NeW Zealand),1,PTIT,
Công nghệ thông tin Việt - Nhật,công nghệ thông tin,cong-nghe-thong-tin,Công nghệ thông tin - hợp tác với ĐH Victoria Wellington (NeW Zealand),2,PTIT,
Công nghệ thông tin chất lượng cao,công nghệ thông tin,cong-nghe-thong-tin,Công nghệ thông tin - hợp tác với ĐH Victoria Wellington (NeW Zealand),1,PTIT,
Công nghệ thông tin định hướng thị trường Nhật Bản,công nghệ thông tin,cong-nghe-thong-tin,Công nghệ thông tin - hợp tác với ĐH Victoria Wellington (NeW Zealand),2,UET,
Công nghệ thông tin**(CLC theo TT23),công nghệ thông tin,cong-nghe-thong-tin,Công nghệ thông tin - hợp tác với ĐH Victoria Wellington (NeW Zealand),1,UET,
"Công nghệ thông tin 
(Chương trình chất lượng cao Công nghệ thông tin Việt - Anh)",công nghệ thông tin,cong-nghe-thong-tin,Công nghệ thông tin - hợp tác với ĐH Victoria Wellington (NeW Zealand),1,UTC,
Công nghệ thông tin (Chương trinh chất lượng cao Công nghệ thông tin Việt - Anh),công nghệ thông tin,cong-nghe-thong-tin,Công nghệ thông tin - hợp tác với ĐH Victoria Wellington (NeW Zealand),1,UTC,
Công nghệ thông tin (Chương trình CLC Công nghệ thông tin Việt-Anh),công nghệ thông tin,cong-nghe-thong-tin,Công nghệ thông tin - hợp tác với ĐH Victoria Wellington (NeW Zealand),1,UTC,
Công nghệ thông tin (Chương trình chất lượng cao Công nghệ thông tin Việt - Anh),công nghệ thông tin,cong-nghe-thong-tin,Công nghệ thông tin - hợp tác với ĐH Victoria Wellington (NeW Zealand),2,UTC,
Ngành Công nghệ thông tin,công nghệ thông tin,cong-nghe-thong-tin,Công nghệ thông tin - hợp tác với ĐH Victoria Wellington (NeW Zealand),2,UTC,
Ngành Công nghệ thông tin (Chương trình chất lượng cao Công nghệ thông tin Việt - Anh),công nghệ thông tin,cong-nghe-thong-tin,Công nghệ thông tin - hợp tác với ĐH Victoria Wellington (NeW Zealand),1,UTC,
Công nghệ thông tin (dạy bằng tiếng Anh) - TT,công nghệ thông tin tt,cong-nghe-thong-tin,Công nghệ thông tin - hợp tác với ĐH Victoria Wellington (NeW Zealand),1,HANU,
Công nghệ thông tin - hợp tác với ĐH Victoria Wellington (NeW Zealand),công nghệ thông tin wellington,cong-nghe-thong-tin,Công nghệ thông tin - hợp tác với ĐH Victoria Wellington (NeW Zealand),2,HUST,
Hệ thống thông tin - ĐH Grenoble (Pháp),hệ thống thông tin,he-thong-thong-tin,Hệ thống thông tin,1,HUST,
Hệ thống thông tin,hệ thống thông tin,he-thong-thong-tin,Hệ thống thông tin,16,HaUI;TLU;UET,
Khoa học dữ liệu,khoa học dữ liệu,khoa-hoc-du-lieu,Khoa học dữ liệu,13,EPU;HUMG;HUS;UET,
CNTT: Khoa học Máy tính,khoa học máy tính,khoa-hoc-may-tinh,Khoa học máy tính (định hướng Khoa học dữ liệu),7,HUST,
Khoa học Máy tính,khoa học máy tính,khoa-hoc-may-tinh,Khoa học máy tính (định hướng Khoa học dữ liệu),1,HUST,
Khoa học Máy tính - hợp tác với ĐH Troy (Hoa Kỳ),khoa học máy tính,khoa-hoc-may-tinh,Khoa học máy tính (định hướng Khoa học dữ liệu),1,HUST,
Khoa học Máy tính - ĐH Troy (Hoa Kỳ),khoa học máy tính,khoa-hoc-may-tinh,Khoa học máy tính (định hướng Khoa học dữ liệu),1,HUST,
Khoa học Máy tính-Troy (Hoa Kỳ),khoa học máy tính,khoa-hoc-may-tinh,Khoa học máy tính (định hướng Khoa học dữ liệu),1,HUST,
Khoa học máy tính - hợp tác với ĐH Troy (Hoa Ký),khoa học máy tính,khoa-hoc-may-tinh,Khoa học máy tính (định hướng Khoa học dữ liệu),2,HUST,
Khoa học máy tính - hợp tác với ĐH Troy (Hoa Kỳ),khoa học máy tính,khoa-hoc-may-tinh,Khoa học máy tính (định hướng Khoa học dữ liệu),3,HUST,
Khoa học máy tính - ĐH Troy (Hoa Kỳ),khoa học máy tính,khoa-hoc-may-tinh,Khoa học máy tính (định hướng Khoa học dữ liệu),1,HUST,
Khoa học máy tính,khoa học máy tính,khoa-hoc-may-tinh,Khoa học máy tính (định hướng Khoa học dữ liệu),16,HaUI;PTIT;UET;UTC,
Khoa học máy tính (CTĐT bằng tiếng Anh),khoa học máy tính,khoa-hoc-may-tinh,Khoa học máy tính (định hướng Khoa học dữ liệu),1,HaUI,
Khoa học máy tính (định hướng Khoa học dữ liệu),khoa học máy tính,khoa-hoc-may-tinh,Khoa học máy tính (định hướng Khoa học dữ liệu),3,PTIT,
Khoa học máy tính và thông tin,khoa học máy tính và thông tin,khoa-hoc-may-tinh,Máy tính và khoa học thông tin**,4,HUS,
Máy tính và khoa học thông tin,máy tính và khoa học thông tin,khoa-hoc-may-tinh,Máy tính và khoa học thông tin**,2,HUS,
Máy tính và khoa học thông tin (Chất lượng cao),máy tính và khoa học thông tin,khoa-hoc-may-tinh,Máy tính và khoa học thông tin**,1,HUS,
Máy tính và khoa học thông tin*,máy tính và khoa học thông tin,khoa-hoc-may-tinh,Máy tính và khoa học thông tin**,1,HUS,
Máy tính và khoa học thông tin**,máy tính và khoa học thông tin,khoa-hoc-may-tinh,Máy tính và khoa học thông tin**,1,HUS,
Kỹ thuật máy tính,kỹ thuật máy tính,ky-thuat-may-tinh,"Kỹ thuật máy tính (theo hướng chuyên sâu vi mạch bán dẫn, bao gồm lớp kỹ sư tài năng)",6,EPU;UET;UTC,
CNTT: Kỹ thuật Máy tính,kỹ thuật máy tính,ky-thuat-may-tinh,"Kỹ thuật máy tính (theo hướng chuyên sâu vi mạch bán dẫn, bao gồm lớp kỹ sư tài năng)",8,HUST,
Kỹ thuật Máy tính,kỹ thuật máy tính,ky-thuat-may-tinh,"Kỹ thuật máy tính (theo hướng chuyên sâu vi mạch bán dẫn, bao gồm lớp kỹ sư tài năng)",1,HUST,
"Kỹ thuật máy tính (theo hướng chuyên sâu vi mạch bán dẫn, bao gồm lớp kỹ sư tài năng)",kỹ thuật máy tính,ky-thuat-may-tinh,"Kỹ thuật máy tính (theo hướng chuyên sâu vi mạch bán dẫn, bao gồm lớp kỹ sư tài năng)",1,UTC,
Máy tính và Robot,máy tính và robot,ky-thuat-may-tinh,Máy tính và Robot,3,UET,
Kỹ thuật phần mềm,kỹ thuật phần mềm,ky-thuat-phan-mem,Kỹ thuật phần mềm,12,HaUI;TLU,
Kỹ thuật dữ liệu (ngành Mạng máy tính và truyền thông dữ liệu),kỹ thuật dữ liệu,mang-may-tinh,Kỹ thuật dữ liệu (ngành Mạng máy tính và truyền thông dữ liệu),2,PTIT,
Mạng máy tính và truyền thông dữ liệu,mạng máy tính và truyền thông dữ liệu,mang-may-tinh,Mạng máy tính và truyền thông dữ liệu (CT Kỹ thuật dữ liệu),11,HaUI;UET,
Mạng máy tính và truyền thông dữ liệu (CT Kỹ thuật dữ liệu),mạng máy tính và truyền thông dữ liệu,mang-may-tinh,Mạng máy tính và truyền thông dữ liệu (CT Kỹ thuật dữ liệu),1,PTIT,
Trí tuệ nhân tạo,trí tuệ nhân tạo,tri-tue-nhan-tao,Trí tuệ nhân tạo,6,EPU;PTIT;UET,
Chương trình tiên tiến Khoa học dữ liệu và Trí tuệ nhân tạo,khoa học dữ liệu và trí tuệ nhân tạo,ttnt-va-khoa-hoc-du-lieu,Trí tuệ nhân tạo và khoa học dữ liệu,1,HUST,
Khoa học Dữ liệu và Trí tuệ nhân tạo (Chương trình tiên tiến),khoa học dữ liệu và trí tuệ nhân tạo,ttnt-va-khoa-hoc-du-lieu,Trí tuệ nhân tạo và khoa học dữ liệu,1,HUST,
Khoa học dữ liệu và Trí tuệ nhân tạo (CT tiên tiến),khoa học dữ liệu và trí tuệ nhân tạo,ttnt-va-khoa-hoc-du-lieu,Trí tuệ nhân tạo và khoa học dữ liệu,6,HUST,
"Trí tuệ nhân tạo và khoa học dữ
liệu",trí tuệ nhân tạo và khoa học dữ liệu,ttnt-va-khoa-hoc-du-lieu,Trí tuệ nhân tạo và khoa học dữ liệu,1,TLU,
Trí tuệ nhân tạo và khoa học dữ liệu,trí tuệ nhân tạo và khoa học dữ liệu,ttnt-va-khoa-hoc-du-lieu,Trí tuệ nhân tạo và khoa học dữ liệu,4,TLU,
